{"class_int": 0.006703375628441465, "attr_class": 0.35714285714285715, "skewnes_0": -0.2819821699560763, "skewnes_1": 0.1082005816716246, "skewnes_2": 0.009246068647128455, "skewnes_3": 0.33863839815264485, "mean_0": 1.6000820225624713e-17, "mean_1": -3.447352796118813e-17, "mean_2": 2.2095484806581101e-16, "mean_3": 2.5914949700970258e-18, "std_0": 0.7202851716701331, "std_1": 0.5823870015112108, "std_2": 0.3814904182408698, "std_3": 0.062012720824531534, "median_0": 0.19441926468044624, "median_1": 0.023326286418213344, "median_2": 0.017556697134605594, "median_3": -0.00044050093957767307, "class_entropy": 3.602007147622906}