{"class_int": 0.0064516129032258064, "attr_class": 3.0, "skewnes_0": 2.7645948022802895, "skewnes_1": 0.9921025254053814, "skewnes_2": 0.39084213769412157, "skewnes_3": 0.3721121347487885, "mean_0": 9.397500698762616e-16, "mean_1": 6.647012689368679e-16, "mean_2": -6.423893675064978e-15, "mean_3": -5.157165017613631e-16, "std_0": 42.20182733568366, "std_1": 18.582977877333644, "std_2": 13.739613769956378, "std_3": 10.296500590771334, "median_0": -11.464846150520547, "median_1": 0.5193267923722173, "median_2": -0.6158498634457796, "median_3": -0.16006665188540292, "class_entropy": 0.907165767573082}