{"class_int": 0.0014577259475218659, "attr_class": 2.0, "skewnes_0": 0.7088936508855996, "skewnes_1": 0.6280343624272596, "skewnes_2": -0.16878634555935718, "skewnes_3": 0.40742662254609463, "mean_0": 5.09796286817674e-16, "mean_1": 1.050665871117568e-15, "mean_2": -9.94345519431044e-16, "mean_3": 2.0780267691234707e-16, "std_0": 7.06258775879218, "std_1": 3.0491428637097053, "std_2": 2.0954327519710985, "std_3": 1.396197661731317, "median_0": -0.9921038472197298, "median_1": -0.1914945862520827, "median_2": 0.3929287563236803, "median_3": -0.22201987788987493, "class_entropy": 0.9911281257467461}