{"class_int": 0.023809523809523808, "attr_class": 0.875, "skewnes_0": 0.37552998593855086, "skewnes_1": 0.4044437818566286, "skewnes_2": 0.2992933284520832, "skewnes_3": -0.25334782147805707, "mean_0": -4.444196333692963e-17, "mean_1": 5.4685092433173636e-17, "mean_2": -2.412091690405846e-17, "mean_3": -9.25185853854297e-18, "std_0": 0.2995038105388047, "std_1": 0.20600730704689907, "std_2": 0.12096495191329652, "std_3": 0.1135060600716334, "median_0": -0.06762307794640608, "median_1": -0.02920300430150706, "median_2": -0.0037575217308010046, "median_3": 0.006932052032948872, "class_entropy": 2.188745583191225}