{"class_int": 0.002081165452653486, "attr_class": 2.5, "skewnes_0": -0.20933967225301417, "skewnes_1": 13.101478357774468, "skewnes_2": 5.1369686054114165, "skewnes_3": 0.6471149692949987, "mean_0": 1.046775107338566e-14, "mean_1": -7.271903047349686e-16, "mean_2": 3.2347809250264705e-16, "mean_3": 1.578255389714924e-16, "std_0": 14.463433876299856, "std_1": 1.8571416891995316, "std_2": 1.5609370651510037, "std_3": 0.7112326191119245, "median_0": 1.3757132721874452, "median_1": 0.01828025662877227, "median_2": -0.10607271662738565, "median_3": -0.1086120207406694, "class_entropy": 0.9960589654112921}