{"class_int": 0.014285714285714285, "attr_class": 2.3333333333333335, "skewnes_0": 0.3571728122849302, "skewnes_1": 0.30988943604325747, "skewnes_2": 0.20295227872731958, "skewnes_3": 0.06461258150166099, "mean_0": -1.0087169195165708e-15, "mean_1": -4.155406177882729e-16, "mean_2": 1.1868812810873697e-16, "mean_3": -8.81239525796218e-17, "std_0": 3.2853199113126146, "std_1": 1.4592652659110295, "std_2": 0.27134854521765694, "std_3": 0.11352310213067814, "median_0": -0.5067778690163636, "median_1": -0.028781720597620186, "median_2": -0.012793404284524756, "median_3": 0.0016389814437523717, "class_entropy": 1.584962500721156}