{"class_int": 0.013986013986013986, "attr_class": 3.0, "skewnes_0": 0.28824159496688245, "skewnes_1": 0.36548557869793075, "skewnes_2": 0.1430567161215967, "skewnes_3": 0.15854225801350008, "mean_0": 5.124106267500723e-17, "mean_1": 1.8400199778752594e-16, "mean_2": -4.0371746350005693e-17, "mean_3": 1.708035422500241e-16, "std_0": 1.4259327509240936, "std_1": 1.1298892442493464, "std_2": 0.8579484351927992, "std_3": 0.8040852305946204, "median_0": 0.09677275197441028, "median_1": 0.008447947252610808, "median_2": 0.10729249680829223, "median_3": -0.002242266437791856, "class_entropy": 0.9957274520849256}