{"class_int": 0.00267379679144385, "attr_class": 2.0, "skewnes_0": 3.2108877059313143, "skewnes_1": 0.8259590453153076, "skewnes_2": 1.354111201272288, "skewnes_3": 0.0, "mean_0": -2.009278067753695e-13, "mean_1": 3.780695305247592e-15, "mean_2": 4.094170041612342e-15, "mean_3": 2.2149830521622632e-16, "std_0": 1459.9212703861583, "std_1": 19.09240578691499, "std_2": 7.311040796758269, "std_3": 2.6811279513558147e-15, "median_0": -378.8137389039531, "median_1": -3.5829235827959947, "median_2": -1.7184772897636198, "median_3": 2.4334561569902557e-16, "class_entropy": 0.7916446298452327}