{"class_int": 0.015503875968992248, "attr_class": 1.25, "skewnes_0": -0.05004521686819392, "skewnes_1": -0.14072878738967426, "skewnes_2": 0.3283772519727775, "skewnes_3": -0.04166051565418994, "mean_0": 5.594147023305052e-18, "mean_1": 1.6352122068122462e-17, "mean_2": -1.4630846060951677e-17, "mean_3": -3.324214288848579e-17, "std_0": 0.28885629717955297, "std_1": 0.2590026371245842, "std_2": 0.23177020592281244, "std_3": 0.20216313251920745, "median_0": 0.013856469348239428, "median_1": 0.019790551549753514, "median_2": 0.0005850599816990897, "median_3": 0.0034358131169399393, "class_entropy": 1.8710489979051168}